Metric,mae
MPJPE,0.36541301862929354
FDE,0.32739444995637645
