Metric,mae
MPJPE,0.27912600601728693
FDE,0.31233463342478057
